CREATE DATABASE IF NOT EXISTS realestate_platform
CHARACTER SET utf8mb4
COLLATE utf8mb4_unicode_ci;

USE realestate_platform;

CREATE TABLE IF NOT EXISTS regions (
  id INT AUTO_INCREMENT PRIMARY KEY,
  name VARCHAR(50) NOT NULL UNIQUE
);

CREATE TABLE IF NOT EXISTS districts (
  id INT AUTO_INCREMENT PRIMARY KEY,
  region_id INT NOT NULL,
  name VARCHAR(50) NOT NULL,
  CONSTRAINT fk_districts_region
    FOREIGN KEY (region_id) REFERENCES regions(id)
    ON DELETE CASCADE,
  UNIQUE KEY uq_districts_region_name (region_id, name),
  INDEX idx_districts_region_id (region_id)
);

INSERT INTO regions (id, name) VALUES
  (1, '서울특별시'),
  (2, '부산광역시'),
  (3, '대구광역시'),
  (4, '인천광역시'),
  (5, '광주광역시'),
  (6, '대전광역시'),
  (7, '울산광역시'),
  (8, '세종특별자치시'),
  (9, '경기도'),
  (10, '강원도'),
  (11, '충청북도'),
  (12, '충청남도'),
  (13, '전라북도'),
  (14, '전라남도'),
  (15, '경상북도'),
  (16, '경상남도'),
  (17, '제주특별자치도')
ON DUPLICATE KEY UPDATE
  name = VALUES(name);

INSERT INTO districts (region_id, name) VALUES
  (1, '종로구'),
  (1, '중구'),
  (1, '용산구'),
  (1, '성동구'),
  (1, '광진구'),
  (1, '동대문구'),
  (1, '중랑구'),
  (1, '성북구'),
  (1, '강북구'),
  (1, '도봉구'),
  (1, '노원구'),
  (1, '은평구'),
  (1, '서대문구'),
  (1, '마포구'),
  (1, '양천구'),
  (1, '강서구'),
  (1, '구로구'),
  (1, '금천구'),
  (1, '영등포구'),
  (1, '동작구'),
  (1, '관악구'),
  (1, '서초구'),
  (1, '강남구'),
  (1, '송파구'),
  (1, '강동구'),
  (2, '중구'),
  (2, '서구'),
  (2, '동구'),
  (2, '영도구'),
  (2, '부산진구'),
  (2, '동래구'),
  (2, '남구'),
  (2, '북구'),
  (2, '해운대구'),
  (2, '사하구'),
  (2, '금정구'),
  (2, '강서구'),
  (2, '연제구'),
  (2, '수영구'),
  (2, '사상구'),
  (2, '기장군'),
  (3, '중구'),
  (3, '동구'),
  (3, '서구'),
  (3, '남구'),
  (3, '북구'),
  (3, '수성구'),
  (3, '달서구'),
  (3, '달성군'),
  (3, '군위군'),
  (4, '중구'),
  (4, '동구'),
  (4, '미추홀구'),
  (4, '연수구'),
  (4, '남동구'),
  (4, '부평구'),
  (4, '계양구'),
  (4, '서구'),
  (4, '강화군'),
  (4, '옹진군'),
  (5, '동구'),
  (5, '서구'),
  (5, '남구'),
  (5, '북구'),
  (5, '광산구'),
  (6, '동구'),
  (6, '중구'),
  (6, '서구'),
  (6, '유성구'),
  (6, '대덕구'),
  (7, '중구'),
  (7, '남구'),
  (7, '동구'),
  (7, '북구'),
  (7, '울주군'),
  (8, '세종특별자치시'),
  (9, '수원시'),
  (9, '성남시'),
  (9, '의정부시'),
  (9, '안양시'),
  (9, '부천시'),
  (9, '광명시'),
  (9, '평택시'),
  (9, '동두천시'),
  (9, '안산시'),
  (9, '고양시'),
  (9, '과천시'),
  (9, '구리시'),
  (9, '남양주시'),
  (9, '오산시'),
  (9, '시흥시'),
  (9, '군포시'),
  (9, '의왕시'),
  (9, '하남시'),
  (9, '용인시'),
  (9, '파주시'),
  (9, '이천시'),
  (9, '안성시'),
  (9, '김포시'),
  (9, '화성시'),
  (9, '광주시'),
  (9, '양주시'),
  (9, '포천시'),
  (9, '여주시'),
  (9, '연천군'),
  (9, '가평군'),
  (9, '양평군'),
  (10, '춘천시'),
  (10, '원주시'),
  (10, '강릉시'),
  (10, '동해시'),
  (10, '태백시'),
  (10, '속초시'),
  (10, '삼척시'),
  (10, '홍천군'),
  (10, '횡성군'),
  (10, '영월군'),
  (10, '평창군'),
  (10, '정선군'),
  (10, '철원군'),
  (10, '화천군'),
  (10, '양구군'),
  (10, '인제군'),
  (10, '고성군'),
  (10, '양양군'),
  (11, '청주시'),
  (11, '충주시'),
  (11, '제천시'),
  (11, '보은군'),
  (11, '옥천군'),
  (11, '영동군'),
  (11, '증평군'),
  (11, '진천군'),
  (11, '괴산군'),
  (11, '음성군'),
  (11, '단양군'),
  (12, '천안시'),
  (12, '공주시'),
  (12, '보령시'),
  (12, '아산시'),
  (12, '서산시'),
  (12, '논산시'),
  (12, '계룡시'),
  (12, '당진시'),
  (12, '금산군'),
  (12, '부여군'),
  (12, '서천군'),
  (12, '청양군'),
  (12, '홍성군'),
  (12, '예산군'),
  (12, '태안군'),
  (13, '전주시'),
  (13, '군산시'),
  (13, '익산시'),
  (13, '정읍시'),
  (13, '남원시'),
  (13, '김제시'),
  (13, '완주군'),
  (13, '진안군'),
  (13, '무주군'),
  (13, '장수군'),
  (13, '임실군'),
  (13, '순창군'),
  (13, '고창군'),
  (13, '부안군'),
  (14, '목포시'),
  (14, '여수시'),
  (14, '순천시'),
  (14, '나주시'),
  (14, '광양시'),
  (14, '담양군'),
  (14, '곡성군'),
  (14, '구례군'),
  (14, '고흥군'),
  (14, '보성군'),
  (14, '화순군'),
  (14, '장흥군'),
  (14, '강진군'),
  (14, '해남군'),
  (14, '영암군'),
  (14, '무안군'),
  (14, '함평군'),
  (14, '영광군'),
  (14, '장성군'),
  (14, '완도군'),
  (14, '진도군'),
  (14, '신안군'),
  (15, '포항시'),
  (15, '경주시'),
  (15, '김천시'),
  (15, '안동시'),
  (15, '구미시'),
  (15, '영주시'),
  (15, '영천시'),
  (15, '상주시'),
  (15, '문경시'),
  (15, '경산시'),
  (15, '의성군'),
  (15, '청송군'),
  (15, '영양군'),
  (15, '영덕군'),
  (15, '청도군'),
  (15, '고령군'),
  (15, '성주군'),
  (15, '칠곡군'),
  (15, '예천군'),
  (15, '봉화군'),
  (15, '울진군'),
  (15, '울릉군'),
  (16, '창원시'),
  (16, '진주시'),
  (16, '통영시'),
  (16, '사천시'),
  (16, '김해시'),
  (16, '밀양시'),
  (16, '거제시'),
  (16, '양산시'),
  (16, '의령군'),
  (16, '함안군'),
  (16, '창녕군'),
  (16, '고성군'),
  (16, '남해군'),
  (16, '하동군'),
  (16, '산청군'),
  (16, '함양군'),
  (16, '거창군'),
  (16, '합천군'),
  (17, '제주시'),
  (17, '서귀포시')
ON DUPLICATE KEY UPDATE
  name = VALUES(name);

CREATE TABLE IF NOT EXISTS users (
  id INT AUTO_INCREMENT PRIMARY KEY,
  username VARCHAR(50) NOT NULL UNIQUE,
  email VARCHAR(120) UNIQUE,
  password VARCHAR(255),
  created_at TIMESTAMP DEFAULT CURRENT_TIMESTAMP
);

CREATE TABLE IF NOT EXISTS posts (
  id INT AUTO_INCREMENT PRIMARY KEY,
  user_id INT NOT NULL,
  title VARCHAR(180) NOT NULL,
  slug VARCHAR(200) NOT NULL UNIQUE,
  excerpt VARCHAR(255) NOT NULL,
  content TEXT NOT NULL,
  category VARCHAR(30) NOT NULL DEFAULT '매매',
  region VARCHAR(60) NOT NULL DEFAULT '전국',
  views_count INT NOT NULL DEFAULT 0,
  created_at TIMESTAMP DEFAULT CURRENT_TIMESTAMP,
  CONSTRAINT fk_posts_user
    FOREIGN KEY (user_id) REFERENCES users(id)
    ON DELETE CASCADE,
  INDEX idx_posts_category (category),
  INDEX idx_posts_region (region),
  INDEX idx_posts_created_at (created_at)
);

CREATE TABLE IF NOT EXISTS comments (
  id INT AUTO_INCREMENT PRIMARY KEY,
  post_id INT NOT NULL,
  user_id INT NOT NULL,
  content TEXT NOT NULL,
  created_at TIMESTAMP DEFAULT CURRENT_TIMESTAMP,
  CONSTRAINT fk_comments_post
    FOREIGN KEY (post_id) REFERENCES posts(id)
    ON DELETE CASCADE,
  CONSTRAINT fk_comments_user
    FOREIGN KEY (user_id) REFERENCES users(id)
    ON DELETE CASCADE,
  INDEX idx_comments_post_id (post_id),
  INDEX idx_comments_created_at (created_at)
);

INSERT INTO users (id, username, email, password) VALUES
  (1, '관리자', NULL, NULL),
  (2, '투자연구소', NULL, NULL),
  (3, '집토끼', NULL, NULL)
ON DUPLICATE KEY UPDATE
  username = VALUES(username);

INSERT INTO posts (id, user_id, title, slug, excerpt, content, category, region, views_count, created_at) VALUES
  (
    1,
    1,
    '서울 강남구 전세 계약 직전, 등기부에서 꼭 봐야 할 3가지',
    'seoul-gangnam-jeonse-title-check',
    '서울 강남구 전세 계약 전이라면 시세보다 먼저 권리관계와 선순위 채권을 확인해야 합니다.',
    '서울 강남구 전세 계약에서는 집주인 명의, 근저당 설정 여부, 확정일자 순서를 먼저 보는 것이 중요합니다.\n\n특히 보증금이 큰 매물일수록 보증보험 가입 가능 여부까지 함께 확인해야 안전합니다.',
    '전세',
    '서울특별시 강남구',
    214,
    '2026-04-14 08:20:00'
  ),
  (
    2,
    2,
    '서울 송파구 매매 고민이라면 복비와 취득세부터 계산하세요',
    'seoul-songpa-buy-cost-guide',
    '서울 송파구 매매는 집값 외에도 복비, 취득세, 대출 비용이 실제 예산을 크게 좌우합니다.',
    '서울 송파구 매매를 준비할 때는 매물 가격만 보면 판단이 흔들릴 수 있습니다.\n\n복비와 취득세, 대출 이자를 함께 계산해 봐야 실제 거주 가능한 예산이 보입니다.',
    '매매',
    '서울특별시 송파구',
    189,
    '2026-04-14 07:10:00'
  ),
  (
    3,
    3,
    '서울 마포구 전세가 내려갈 때 실수요자가 먼저 확인할 것',
    'seoul-mapo-jeonse-buyer-check',
    '서울 마포구 전세가가 조정될 때는 가격보다 보증금 보호 구조를 먼저 체크해야 합니다.',
    '서울 마포구는 전세 수요가 꾸준한 편이지만 가격이 내려간 시기일수록 계약 구조를 더 꼼꼼히 봐야 합니다.\n\n시세와 권리관계, 주변 공실률까지 함께 확인하면 판단이 훨씬 쉬워집니다.',
    '전세',
    '서울특별시 마포구',
    143,
    '2026-04-13 18:40:00'
  ),
  (
    4,
    1,
    '경기 성남시 신혼부부가 매매 전에 가장 먼저 보는 숫자',
    'gyeonggi-seongnam-newlywed-buy-number',
    '경기 성남시 실거주 매매에서는 월 상환액과 초기 비용이 집값보다 더 중요할 수 있습니다.',
    '경기 성남시에서 신혼부부가 실거주 매매를 준비한다면 대출 가능액보다 월 상환액을 먼저 확인해야 합니다.\n\n특히 관리비와 생활비까지 포함한 총 주거비를 계산해야 무리 없는 선택이 가능합니다.',
    '매매',
    '경기도 성남시',
    172,
    '2026-04-13 12:30:00'
  ),
  (
    5,
    2,
    '경기 수원시 전세 대출 금리 비교할 때 놓치기 쉬운 비용',
    'gyeonggi-suwon-jeonse-loan-hidden-cost',
    '경기 수원시 전세 대출은 보증료와 우대금리 유지 조건까지 같이 비교해야 체감 비용이 보입니다.',
    '경기 수원시 전세 수요자는 명목 금리만 보고 선택하기 쉽지만 실제 부담은 보증료와 부대비용에서 차이가 납니다.\n\n중도상환수수료와 우대 조건 유지 여부도 함께 확인해야 합니다.',
    '전세',
    '경기도 수원시',
    158,
    '2026-04-12 16:00:00'
  ),
  (
    6,
    3,
    '경기 용인시 매매 타이밍, 입주 물량 하나만 봐도 달라집니다',
    'gyeonggi-yongin-buy-timing-supply',
    '경기 용인시 매매 타이밍은 입주 물량과 전세가 흐름을 같이 보면 판단이 쉬워집니다.',
    '경기 용인시 매매에서는 금리뿐 아니라 인근 입주 물량과 전세가율을 함께 보는 것이 중요합니다.\n\n실거주 목적이라면 3년 이상 거주 계획이 있는지도 같이 확인해야 합니다.',
    '매매',
    '경기도 용인시',
    133,
    '2026-04-12 09:15:00'
  ),
  (
    7,
    1,
    '부산 해운대구 전세, 시세보다 먼저 봐야 할 보증금 안전선',
    'busan-haeundae-jeonse-safety-line',
    '부산 해운대구 전세 계약에서는 시세 차이보다 보증금 회수 가능성을 먼저 따져야 합니다.',
    '부산 해운대구 전세 매물은 지역 선호도가 높아 보여도 권리관계가 복잡할 수 있습니다.\n\n실거래가와 보증보험 가입 가능 여부를 함께 보면 안전한 계약 판단에 도움이 됩니다.',
    '전세',
    '부산광역시 해운대구',
    147,
    '2026-04-11 18:05:00'
  ),
  (
    8,
    2,
    '부산 수영구 실거주 매매, 지금 사도 되는지 계산부터 해봤습니다',
    'busan-suyeong-buy-calculation-first',
    '부산 수영구 실거주 매매는 월 상환액과 보유 기간을 함께 계산해야 결론이 보입니다.',
    '부산 수영구는 인기 지역이라 매수 결정을 서두르기 쉽지만, 실제로는 보유 기간과 대출 부담을 함께 계산해야 합니다.\n\n매매가 오르더라도 월 현금흐름이 버티지 못하면 좋은 선택이 아닐 수 있습니다.',
    '매매',
    '부산광역시 수영구',
    126,
    '2026-04-11 10:40:00'
  ),
  (
    9,
    3,
    '부산 부산진구 청년 전월세 지원, 이번 달에 꼭 체크할 조건',
    'busan-busanjin-youth-policy-check',
    '부산 부산진구 청년이라면 전월세 지원의 소득 기준과 신청 시기를 먼저 확인해야 합니다.',
    '부산 부산진구 청년 정책은 보증금 지원과 월세 지원이 나뉘어 있어 본인 상황에 맞는 제도를 먼저 골라야 합니다.\n\n신청 시기와 제출 서류를 놓치면 혜택을 받기 어려울 수 있습니다.',
    '정책',
    '부산광역시 부산진구',
    118,
    '2026-04-10 19:30:00'
  ),
  (
    10,
    1,
    '전국 수도권 전세 사기 예방 정책, 달라진 핵심만 정리했습니다',
    'nationwide-capital-policy-key-summary',
    '전국 수도권 전세 사기 예방 정책은 계약 전 확인 항목과 보증금 보호 장치 강화가 핵심입니다.',
    '전국 수도권 정책은 등기 정보 확인과 보증보험 활용을 더 강조하는 방향으로 바뀌고 있습니다.\n\n실수요자라면 계약 전에 챙겨야 할 서류 목록을 미리 정리해 두는 것이 좋습니다.',
    '정책',
    '전국 수도권',
    166,
    '2026-04-10 11:10:00'
  ),
  (
    11,
    2,
    '전국 역세권 전세가 비싸도 찾는 이유, 결국 이것 때문입니다',
    'nationwide-station-jeonse-demand-reason',
    '전국 역세권 전세 수요는 통근 편의성과 공실 위험이 낮다는 점 때문에 꾸준합니다.',
    '전국 역세권 전세는 가격이 높아도 이동 편의성과 수요 안정성 때문에 선호도가 유지됩니다.\n\n다만 빠르게 오른 지역은 보증금 회수 가능성까지 반드시 따져봐야 합니다.',
    '전세',
    '전국 역세권',
    139,
    '2026-04-09 14:25:00'
  ),
  (
    12,
    3,
    '전국 실거주자들이 많이 보는 매매 지원 정책 5분 요약',
    'nationwide-buy-support-policy-quick-summary',
    '전국 매매 지원 정책은 신혼부부와 생애최초 구입자에게 유리한 조건이 많아 먼저 보는 것이 좋습니다.',
    '전국 매매 지원 정책은 대출 우대와 세금 혜택이 함께 붙는 경우가 많습니다.\n\n내 집 마련을 준비하는 실거주자라면 현재 가능한 우대 조건부터 먼저 체크하는 것이 효율적입니다.',
    '정책',
    '전국 수도권',
    122,
    '2026-04-08 08:45:00'
  )
ON DUPLICATE KEY UPDATE
  title = VALUES(title),
  excerpt = VALUES(excerpt),
  content = VALUES(content),
  category = VALUES(category),
  region = VALUES(region),
  views_count = VALUES(views_count);

INSERT INTO comments (id, post_id, user_id, content, created_at) VALUES
  (1, 1, 2, '전세가율까지 같이 봐야 한다는 점이 특히 도움됐습니다.', '2026-04-14 09:10:00'),
  (2, 1, 3, '실거주 계획을 먼저 정리하라는 포인트가 현실적이네요.', '2026-04-14 10:25:00'),
  (3, 2, 1, '보증료까지 합산하는 계산기를 함께 쓰면 더 좋을 것 같습니다.', '2026-04-13 11:00:00')
ON DUPLICATE KEY UPDATE
  content = VALUES(content);
